Workbook

Sheet Sheet1
A1: Item | B1: Qtd | C1: Referência | D1: Descrição | E1: Dimensões | F1: Preço Final | G1: Vista | H1: Produto
A2: 1 | B2: 1 un | C2: CCIA300T | D2: Corredica Clip HAFELE GT2 Abert Total Amort 300 | E2: 526,8 x 47,5 x 300 | F2: 464.59 | G2: Vista 1 | H2: corrediça da gaveta 1
A3: 5 | B3: 1 un | C3: CCIA300T | D3: Corredica Clip HAFELE GT2 Abert Total Amort 300 | E3: 526,8 x 47,5 x 300 | F3: 464.59 | G3: Vista 1 | H3: corrediça da gaveta 1
A4: 9 | B4: 1 un | C4: CCIA300T | D4: Corredica Clip HAFELE GT2 Abert Total Amort 300 | E4: 526,8 x 47,5 x 300 | F4: 464.59 | G4: Vista 1 | H4: corrediça da gaveta 2
A5: 13 | B5: 1 un | C5: CCIA300T | D5: Corredica Clip HAFELE GT2 Abert Total Amort 300 | E5: 526,8 x 47,5 x 300 | F5: 464.59 | G5: Vista 1 | H5: corrediça da gaveta 2
A6: 17 | B6: 1 un | C6: CTA250 | D6: Corredica HAFELE Telescopica Alta 250 | E6: 474,27 x 43 x 250 | F6: 74.69 | G6: Vista 3 | H6: Corrediça telescópica alta de 250
A7: 20 | B7: 1 un | C7: CTA250 | D7: Corredica HAFELE Telescopica Alta 250 | E7: 474,27 x 43 x 250 | F7: 74.69 | G7: Vista 3 | H7: Corrediça telescópica alta de 250
A8: 23 | B8: 1 un | C8: CTA250 | D8: Corredica HAFELE Telescopica Alta 250 | E8: 474,27 x 43 x 250 | F8: 74.69 | G8: Vista 3 | H8: Corrediça telescópica alta de 250
A9: 26 | B9: 1 un | C9: CTA300 | D9: Corredica HAFELE Telescopica Alta 300 | E9: 498,55 x 43 x 300 | F9: 86.56 | G9: Vista 3 | H9: Corrediça telescópica alta de 300
A10: 29 | B10: 1 un | C10: CTA300 | D10: Corredica HAFELE Telescopica Alta 300 | E10: 498,55 x 43 x 300 | F10: 86.56 | G10: Vista 3 | H10: Corrediça telescópica alta de 300
A11: 32 | B11: 1 un | C11: DIX001 | D11: Dobradiça Stam Inox Escovado | E11: 12,5 x 107 x 48 | F11: 77.56 | G11: Vista 2 | H11: Dobradiça da porta
A12: 34 | B12: 1 un | C12: DIX001 | D12: Dobradiça Stam Inox Escovado | E12: 12,5 x 107 x 48 | F12: 77.56 | G12: Vista 2 | H12: Dobradiça da porta
A13: 36 | B13: 1 un | C13: DIX001 | D13: Dobradiça Stam Inox Escovado | E13: 12,5 x 107 x 48 | F13: 77.56 | G13: Vista 2 | H13: Dobradiça da porta
... A105: 1074 | B105: 1 UN | C105: P00462 | D105: PUX.DHARMA 48MM ESC | E105: 56 x 56 x 22 | F105: 215.46 | G105: Vista 1 | H105: Puxador de gaveta
E106: =SUBTOTAL(9,E11:E89) -> 0 | F106: =SUBTOTAL(9,F11:F89) -> 8292.36

Sheet produto
A1: ID | B1: Nome | C1: Descrição | D1: QTDE | E1: Imagem
A2: 1 | B2: Corrediça Clip GT2 | C2: Corredica Clip HAFELE GT2 Abert Total Amort 300 | D2: =COUNTIF(Sheet1!D:D,produto!C2) -> 4 | E2: corrediça gt2 Hafele
A3: 2 | B3: Corrediça Telescópica 250 | C3: Corredica HAFELE Telescopica Alta 250 | D3: =COUNTIF(Sheet1!D:D,produto!C3) -> 3 | E3: corrediça telescopica 250
A4: 3 | B4: Corrediça Telescópica 300 | C4: Corredica HAFELE Telescopica Alta 300 | D4: =COUNTIF(Sheet1!D:D,produto!C4) -> 2 | E4: corrediça telescopica 300
A5: 4 | B5: Dobradiça Stam | C5: Dobradiça Stam Inox Escovado | D5: =COUNTIF(Sheet1!D:D,produto!C5) -> 4 | E5: dobradiça stam
A6: 5 | B6: Fechadura Cromada | C6: Fechadura Cromada Com Chave | D6: =COUNTIF(Sheet1!D:D,produto!C6) -> 1 | E6: fechadura cromada
A7: 6 | B7: Balcao cozinha | C7: BALCAO EDIT COZINHA MDP 18.3 | D7: =COUNTIF(Sheet1!D:D,produto!C7) -> 2 | E7: balcao de cozinha
A8: 7 | B8: Caixa de gaveta inivisivel 15.3 MDP | C8: Caixa Gav Invis Fre Chapa MDP 15.3 | D8: =COUNTIF(Sheet1!D:D,produto!C8) -> 4 | E8: caixa de gaveta invisivel
A9: 8 | B9: Caixa de gaveta telescopica 15.3 MDF | C9: Caixa Gav Telesc Fre Chapa MDF 15.3 | D9: =COUNTIF(Sheet1!D:D,produto!C9) -> 5 | E9: caixa de gaveta telescopica
A10: 9 | B10: Ripa de sustentacao | C10: Ripa de Sustentacao MDP | D10: =COUNTIF(Sheet1!D:D,produto!C10) -> 2
A11: 10 | B11: Frente de gaveta MDP Reta | C11: Frente Gav Acessorios MDP RETA | D11: =COUNTIF(Sheet1!D:D,produto!C11) -> 4
A12: 11 | B12: Frente de gaveta home MDF Reta | C12: Frente Gav Home MDF RETA | D12: =COUNTIF(Sheet1!D:D,produto!C12) -> 5
A13: 12 | B13: Balcao 2 gavetoes MDF 18.3 | C13: Balcao 2 Gavetoes MDF 18.3 | D13: =COUNTIF(Sheet1!D:D,produto!C13) -> 1 | E13: #VALUE!
A14: 13 | B14: Balcao 3 gavetas MDF 18.3 | C14: Balcao 3 Gavetas MDF 18.3 | D14: =COUNTIF(Sheet1!D:D,produto!C14) -> 1 | E14: balcao 3 gavetoes
A15: 14 | B15: Painel Face MDF | C15: Painel 1 Face MDF | D15: =COUNTIF(Sheet1!D:D,produto!C15) -> 7 | E15: painel face
A16: 15 | B16: Painel Face MDP | C16: Painel 1 Face MDP | D16: =COUNTIF(Sheet1!D:D,produto!C16) -> 5 | E16: painel face
A17: 16 | B17: Painel vertical cava 45 | C17: Painel 18mm Vertical Edit Cava 45 1 LadoMDF | D17: =COUNTIF(Sheet1!D:D,produto!C17) -> 8
A18: 17 | B18: Painel vertical com recorte sem borda MDF | C18: Painel Vertical com Recorte SEM BORDA INT MDF | D18: =COUNTIF(Sheet1!D:D,produto!C18) -> 7 | E18: painel de recorte
A19: 18 | B19: Painel vertical com recorte sem borda MDP | C19: Painel Vertical com Recorte SEM BORDA INT MDP | D19: =COUNTIF(Sheet1!D:D,produto!C19) -> 1 | E19: painel de recorte
A20: 19 | B20: Painel Vertical MDF | C20: Painel Vertical MDF | D20: =COUNTIF(Sheet1!D:D,produto!C20) -> 22 | E20: painel vertical
A21: 20 | B21: Painel Vertical MDP | C21: Painel Vertical MDP | D21: =COUNTIF(Sheet1!D:D,produto!C21) -> 4 | E21: painel vertical
A22: 21 | B22: Painel sem fita de borda e sem ferragem MDP | C22: Painel s/ Fita Borda s/ Ferragem MDP | D22: =COUNTIF(Sheet1!D:D,produto!C22) -> 6 | E22: painel vertical
A23: 22 | B23: Porta de giro | C23: Porta Giro Esq MDF | D23: =COUNTIF(Sheet1!D:D,produto!C23) -> 1 | E23: painel de recorte
A24: 23 | B24: Porta interna MDF Reta | C24: Porta Interna de Giro Esq MDF RETA | D24: =COUNTIF(Sheet1!D:D,produto!C24) -> 1
A25: 24 | B25: Puxador Dharma | C25: PUX.DHARMA 48MM ESC | D25: =COUNTIF(Sheet1!D:D,produto!C25) -> 4 | E25: puxador dharma

Sheet possibilidades
A1: id | B1: dimensao | C1: cor | D1: preço
A2: 1 | B2: 526,8 x 47,5 x 300 | C2: none | D2: 464.59
A3: 2 | B3: 474,27 x 43 x 250 | C3: none | D3: 74.69
A4: 3 | B4: 498,55 x 43 x 300 | C4: none | D4: 86.56
A5: 4 | B5: 12,5 x 107 x 48 | C5: Inox | D5: 77.56
A6: 5 | B6: 148,3 x 200,4 x 169,5 | C6: none | D6: 1091.96
A7: 6 | B7: 563,4 x 403,4 x 403,7 | C7: Nud | D7: 605.76
A8: 7 | B8: 516,8 x 132 x 317 | C8: Nud | D8: 259.48
A9: 8 | B9: 473,55 x 78 x 317 | C9: Ved | D9: 210
A10: 8 | B10: 449,27 x 269 x 267 | C10: Ved | D10: 386.86
A11: 9 | B11: 563,4 x 70 x 15,3 | C11: Nud | D11: 47.81
A12: 10 | B12: 558,8 x 196,65 x 18 | C12: Nud | D12: 82.07
A13: 11 | B13: 522,05 x 143,4 x 18 | C13: Ved | D13: 90.68
... A48: 24 | B48: 56 x 56 x 22 | C48: none | D48: 215.46
